{
  "b": 120.80043490460159,
  "g": 57.180204826038164,
  "r": 0.7908950617283951
}